{
    "name": "coop-secure-spawn-areas",
    "version": "0.1.2",
    "title": "Coop Secure Spawn Areas [WIP]",
    "author": "ttv/Ismoh_",
    "factorio_version": "1.1",
    "contact": "https://www.twitch.tv/ismoh_",
    "homepage": "https://www.twitch.tv/ismoh_",
    "dependencies": ["base >= 1.0"],
    "description": "Good news to announce!\\n\\nCoop-Secure-Spawn-Areas is now pretty stable on multiplayer sessions!\\n\\nThis mod creates teams and also modifies the map to have separated secure starting spawn areas.\\n\\nThink of each Base for each Team.\\n\\nEnjoy and have fun!"
}